{
  "createRepoRequest_tere123" : {
    "transaction" : "createRepoRequest_tere123",
    "sampleCount" : 128,
    "errorCount" : 22,
    "errorPct" : 17.1875,
    "meanResTime" : 1276.8984375,
    "medianResTime" : 1161.0,
    "minResTime" : 705.0,
    "maxResTime" : 4882.0,
    "pct1ResTime" : 1640.3000000000009,
    "pct2ResTime" : 2240.4499999999994,
    "pct3ResTime" : 4736.419999999996,
    "throughput" : 0.03518155606923071,
    "receivedKBytesPerSec" : 0.20033184126659098,
    "sentKBytesPerSec" : 0.009242029865842832
  },
  "createRepoRequest_tere12345678" : {
    "transaction" : "createRepoRequest_tere12345678",
    "sampleCount" : 128,
    "errorCount" : 28,
    "errorPct" : 21.875,
    "meanResTime" : 1273.7031249999998,
    "medianResTime" : 1224.0,
    "minResTime" : 714.0,
    "maxResTime" : 3708.0,
    "pct1ResTime" : 1787.7000000000005,
    "pct2ResTime" : 2071.65,
    "pct3ResTime" : 3621.289999999998,
    "throughput" : 0.035253540433194404,
    "receivedKBytesPerSec" : 0.2023383020972276,
    "sentKBytesPerSec" : 0.009433076248725846
  },
  "addNewBranch_tere12345" : {
    "transaction" : "addNewBranch_tere12345",
    "sampleCount" : 128,
    "errorCount" : 5,
    "errorPct" : 3.90625,
    "meanResTime" : 822.1015625,
    "medianResTime" : 732.0,
    "minResTime" : 575.0,
    "maxResTime" : 2817.0,
    "pct1ResTime" : 1139.8000000000002,
    "pct2ResTime" : 1439.3,
    "pct3ResTime" : 2607.3299999999954,
    "throughput" : 0.03521586915103619,
    "receivedKBytesPerSec" : 0.06962463632049193,
    "sentKBytesPerSec" : 0.010489101651431677
  },
  "deleteRepo_tere12345" : {
    "transaction" : "deleteRepo_tere12345",
    "sampleCount" : 128,
    "errorCount" : 0,
    "errorPct" : 0.0,
    "meanResTime" : 458.71875,
    "medianResTime" : 408.0,
    "minResTime" : 224.0,
    "maxResTime" : 812.0,
    "pct1ResTime" : 693.5,
    "pct2ResTime" : 719.1,
    "pct3ResTime" : 799.2399999999998,
    "throughput" : 0.03522087893703387,
    "receivedKBytesPerSec" : 0.04108959228530673,
    "sentKBytesPerSec" : 0.009114778240540992
  },
  "addFileToRepoRequest_tere123" : {
    "transaction" : "addFileToRepoRequest_tere123",
    "sampleCount" : 128,
    "errorCount" : 4,
    "errorPct" : 3.125,
    "meanResTime" : 898.4999999999999,
    "medianResTime" : 854.5,
    "minResTime" : 383.0,
    "maxResTime" : 2317.0,
    "pct1ResTime" : 1099.2000000000003,
    "pct2ResTime" : 1262.3499999999997,
    "pct3ResTime" : 2167.939999999997,
    "throughput" : 0.035201797051739495,
    "receivedKBytesPerSec" : 0.043941549856745185,
    "sentKBytesPerSec" : 0.011997487471735433
  },
  "addFileToRepoRequest_tere1234" : {
    "transaction" : "addFileToRepoRequest_tere1234",
    "sampleCount" : 128,
    "errorCount" : 16,
    "errorPct" : 12.5,
    "meanResTime" : 1346.7343750000007,
    "medianResTime" : 867.5,
    "minResTime" : 677.0,
    "maxResTime" : 37455.0,
    "pct1ResTime" : 1637.2000000000023,
    "pct2ResTime" : 2293.95,
    "pct3ResTime" : 28296.509999999802,
    "throughput" : 0.03520673504841476,
    "receivedKBytesPerSec" : 0.044103505359950355,
    "sentKBytesPerSec" : 0.01144906520617394
  },
  "createRepoRequest_tere12345" : {
    "transaction" : "createRepoRequest_tere12345",
    "sampleCount" : 128,
    "errorCount" : 25,
    "errorPct" : 19.53125,
    "meanResTime" : 1264.7109374999995,
    "medianResTime" : 1194.5,
    "minResTime" : 676.0,
    "maxResTime" : 3238.0,
    "pct1ResTime" : 1811.5000000000005,
    "pct2ResTime" : 2123.2,
    "pct3ResTime" : 3098.799999999997,
    "throughput" : 0.03521128697804081,
    "receivedKBytesPerSec" : 0.20143600585855298,
    "sentKBytesPerSec" : 0.009318612081102597
  },
  "createRepoRequest_tere1234" : {
    "transaction" : "createRepoRequest_tere1234",
    "sampleCount" : 128,
    "errorCount" : 22,
    "errorPct" : 17.1875,
    "meanResTime" : 1276.9765624999995,
    "medianResTime" : 1174.0,
    "minResTime" : 700.0,
    "maxResTime" : 7513.0,
    "pct1ResTime" : 1684.500000000001,
    "pct2ResTime" : 1960.7999999999997,
    "pct3ResTime" : 6289.779999999973,
    "throughput" : 0.035201622794810844,
    "receivedKBytesPerSec" : 0.20063974265619897,
    "sentKBytesPerSec" : 0.009281677885350515
  },
  "deleteRepo_tere1234" : {
    "transaction" : "deleteRepo_tere1234",
    "sampleCount" : 128,
    "errorCount" : 0,
    "errorPct" : 0.0,
    "meanResTime" : 463.45312500000017,
    "medianResTime" : 446.5,
    "minResTime" : 224.0,
    "maxResTime" : 747.0,
    "pct1ResTime" : 676.7,
    "pct2ResTime" : 718.85,
    "pct3ResTime" : 746.13,
    "throughput" : 0.03521346650993006,
    "receivedKBytesPerSec" : 0.041112914989327294,
    "sentKBytesPerSec" : 0.009112859985479947
  },
  "addFileToRepoRequest_teest12221212" : {
    "transaction" : "addFileToRepoRequest_teest12221212",
    "sampleCount" : 128,
    "errorCount" : 6,
    "errorPct" : 4.6875,
    "meanResTime" : 997.6953125000001,
    "medianResTime" : 873.0,
    "minResTime" : 698.0,
    "maxResTime" : 5658.0,
    "pct1ResTime" : 1298.9000000000003,
    "pct2ResTime" : 1500.3,
    "pct3ResTime" : 5302.169999999993,
    "throughput" : 0.035270958113532806,
    "receivedKBytesPerSec" : 0.0441296002422674,
    "sentKBytesPerSec" : 0.011676616016101192
  },
  "deleteRepo_tere12345678" : {
    "transaction" : "deleteRepo_tere12345678",
    "sampleCount" : 128,
    "errorCount" : 1,
    "errorPct" : 0.78125,
    "meanResTime" : 450.796875,
    "medianResTime" : 328.5,
    "minResTime" : 224.0,
    "maxResTime" : 2003.0,
    "pct1ResTime" : 678.0,
    "pct2ResTime" : 708.55,
    "pct3ResTime" : 1655.5799999999927,
    "throughput" : 0.03525817245873967,
    "receivedKBytesPerSec" : 0.0413937594308725,
    "sentKBytesPerSec" : 0.009124429396060561
  },
  "addNewBranch_tere123456" : {
    "transaction" : "addNewBranch_tere123456",
    "sampleCount" : 256,
    "errorCount" : 9,
    "errorPct" : 3.515625,
    "meanResTime" : 808.0937500000003,
    "medianResTime" : 719.5,
    "minResTime" : 202.0,
    "maxResTime" : 2589.0,
    "pct1ResTime" : 1167.1000000000001,
    "pct2ResTime" : 1263.9499999999998,
    "pct3ResTime" : 2470.530000000001,
    "throughput" : 0.07027576649998134,
    "receivedKBytesPerSec" : 0.13769540043049397,
    "sentKBytesPerSec" : 0.020932283019453213
  },
  "addNewBranch_tere1234567" : {
    "transaction" : "addNewBranch_tere1234567",
    "sampleCount" : 128,
    "errorCount" : 5,
    "errorPct" : 3.90625,
    "meanResTime" : 844.0937499999999,
    "medianResTime" : 754.5,
    "minResTime" : 573.0,
    "maxResTime" : 2336.0,
    "pct1ResTime" : 1200.1000000000006,
    "pct2ResTime" : 1389.3,
    "pct3ResTime" : 2321.7899999999995,
    "throughput" : 0.03525454053693767,
    "receivedKBytesPerSec" : 0.06962873964948724,
    "sentKBytesPerSec" : 0.010500619984146474
  },
  "addFileToRepoRequest_tere12345" : {
    "transaction" : "addFileToRepoRequest_tere12345",
    "sampleCount" : 128,
    "errorCount" : 14,
    "errorPct" : 10.9375,
    "meanResTime" : 1067.6015624999995,
    "medianResTime" : 880.5,
    "minResTime" : 700.0,
    "maxResTime" : 4695.0,
    "pct1ResTime" : 1637.3000000000002,
    "pct2ResTime" : 2163.499999999999,
    "pct3ResTime" : 4491.4199999999955,
    "throughput" : 0.035215665688881695,
    "receivedKBytesPerSec" : 0.04396745931490123,
    "sentKBytesPerSec" : 0.011623920901212904
  },
  "addFileToRepoRequest_tere123456" : {
    "transaction" : "addFileToRepoRequest_tere123456",
    "sampleCount" : 256,
    "errorCount" : 13,
    "errorPct" : 5.078125,
    "meanResTime" : 933.2460937500002,
    "medianResTime" : 856.0,
    "minResTime" : 301.0,
    "maxResTime" : 2676.0,
    "pct1ResTime" : 1205.0,
    "pct2ResTime" : 1413.7999999999993,
    "pct3ResTime" : 2369.6000000000004,
    "throughput" : 0.07026934294047006,
    "receivedKBytesPerSec" : 0.08780906887973923,
    "sentKBytesPerSec" : 0.02292041945445188
  },
  "deleteRepo_tere123" : {
    "transaction" : "deleteRepo_tere123",
    "sampleCount" : 128,