{
  "createRepoRequest_tere123" : {
    "transaction" : "createRepoRequest_tere123",
    "sampleCount" : 16,
    "errorCount" : 1,
    "errorPct" : 6.25,
    "meanResTime" : 933.5625000000001,
    "medianResTime" : 874.5,
    "minResTime" : 286.0,
    "maxResTime" : 1394.0,
    "pct1ResTime" : 1353.4,
    "pct2ResTime" : 1394.0,
    "pct3ResTime" : 1394.0,
    "throughput" : 0.08929966735873908,
    "receivedKBytesPerSec" : 0.48591031766961357,
    "sentKBytesPerSec" : 0.023458604022950014
  },
  "createRepoRequest_tere12345678" : {
    "transaction" : "createRepoRequest_tere12345678",
    "sampleCount" : 15,
    "errorCount" : 0,
    "errorPct" : 0.0,
    "meanResTime" : 997.7333333333333,
    "medianResTime" : 904.0,
    "minResTime" : 711.0,
    "maxResTime" : 1812.0,
    "pct1ResTime" : 1664.4,
    "pct2ResTime" : 1812.0,
    "pct3ResTime" : 1812.0,
    "throughput" : 0.0952538196781691,
    "receivedKBytesPerSec" : 0.5500722043797707,
    "sentKBytesPerSec" : 0.025487838468572593
  },
  "addNewBranch_tere12345" : {
    "transaction" : "addNewBranch_tere12345",
    "sampleCount" : 15,
    "errorCount" : 0,
    "errorPct" : 0.0,
    "meanResTime" : 761.2,
    "medianResTime" : 784.0,
    "minResTime" : 582.0,
    "maxResTime" : 880.0,
    "pct1ResTime" : 860.8,
    "pct2ResTime" : 880.0,
    "pct3ResTime" : 880.0,
    "throughput" : 0.09216363345908549,
    "receivedKBytesPerSec" : 0.1828212075432862,
    "sentKBytesPerSec" : 0.027451082231465893
  },
  "deleteRepo_tere12345" : {
    "transaction" : "deleteRepo_tere12345",
    "sampleCount" : 15,
    "errorCount" : 0,
    "errorPct" : 0.0,
    "meanResTime" : 340.26666666666665,
    "medianResTime" : 322.0,
    "minResTime" : 239.0,
    "maxResTime" : 625.0,
    "pct1ResTime" : 553.6,
    "pct2ResTime" : 625.0,
    "pct3ResTime" : 625.0,
    "throughput" : 0.09228724713294285,
    "receivedKBytesPerSec" : 0.10835940768506669,
    "sentKBytesPerSec" : 0.023882930166240095
  },
  "addFileToRepoRequest_tere123" : {
    "transaction" : "addFileToRepoRequest_tere123",
    "sampleCount" : 15,
    "errorCount" : 2,
    "errorPct" : 13.333333,
    "meanResTime" : 1019.1999999999999,
    "medianResTime" : 831.0,
    "minResTime" : 213.0,
    "maxResTime" : 3283.0,
    "pct1ResTime" : 2152.000000000001,
    "pct2ResTime" : 3283.0,
    "pct3ResTime" : 3283.0,
    "throughput" : 0.09105312039043578,
    "receivedKBytesPerSec" : 0.1198628967639721,
    "sentKBytesPerSec" : 0.031038680883093864
  },
  "addFileToRepoRequest_tere1234" : {
    "transaction" : "addFileToRepoRequest_tere1234",
    "sampleCount" : 15,
    "errorCount" : 15,
    "errorPct" : 100.0,
    "meanResTime" : 266.1333333333334,
    "medianResTime" : 254.0,
    "minResTime" : 193.0,
    "maxResTime" : 385.0,
    "pct1ResTime" : 359.8,
    "pct2ResTime" : 385.0,
    "pct3ResTime" : 385.0,
    "throughput" : 0.09284936119639497,
    "receivedKBytesPerSec" : 0.11090541861134495,
    "sentKBytesPerSec" : 0.030284850233980393
  },
  "createRepoRequest_tere12345" : {
    "transaction" : "createRepoRequest_tere12345",
    "sampleCount" : 15,
    "errorCount" : 0,
    "errorPct" : 0.0,
    "meanResTime" : 1033.1333333333334,
    "medianResTime" : 903.0,
    "minResTime" : 687.0,
    "maxResTime" : 1966.0,
    "pct1ResTime" : 1711.6000000000001,
    "pct2ResTime" : 1966.0,
    "pct3ResTime" : 1966.0,
    "throughput" : 0.09245676105474673,
    "receivedKBytesPerSec" : 0.5315481248998385,
    "sentKBytesPerSec" : 0.024468537349449575
  },
  "createRepoRequest_tere1234" : {
    "transaction" : "createRepoRequest_tere1234",
    "sampleCount" : 15,
    "errorCount" : 15,
    "errorPct" : 100.0,
    "meanResTime" : 358.66666666666663,
    "medianResTime" : 329.0,
    "minResTime" : 296.0,
    "maxResTime" : 522.0,
    "pct1ResTime" : 510.0,
    "pct2ResTime" : 522.0,
    "pct3ResTime" : 522.0,
    "throughput" : 0.09276782069835617,
    "receivedKBytesPerSec" : 0.12165509194837162,
    "sentKBytesPerSec" : 0.024460265223199378
  },
  "deleteRepo_tere1234" : {
    "transaction" : "deleteRepo_tere1234",
    "sampleCount" : 15,
    "errorCount" : 15,
    "errorPct" : 100.0,
    "meanResTime" : 219.06666666666666,
    "medianResTime" : 209.0,
    "minResTime" : 178.0,
    "maxResTime" : 281.0,
    "pct1ResTime" : 276.8,
    "pct2ResTime" : 281.0,
    "pct3ResTime" : 281.0,
    "throughput" : 0.09192133984544958,
    "receivedKBytesPerSec" : 0.11149651579821428,
    "sentKBytesPerSec" : 0.023878004295790616
  },
  "addFileToRepoRequest_teest12221212" : {
    "transaction" : "addFileToRepoRequest_teest12221212",
    "sampleCount" : 15,
    "errorCount" : 0,
    "errorPct" : 0.0,
    "meanResTime" : 906.4666666666666,
    "medianResTime" : 912.0,
    "minResTime" : 751.0,
    "maxResTime" : 1174.0,
    "pct1ResTime" : 1139.2,
    "pct2ResTime" : 1174.0,
    "pct3ResTime" : 1174.0,
    "throughput" : 0.09426432974919405,
    "receivedKBytesPerSec" : 0.1204263634549762,
    "sentKBytesPerSec" : 0.031206648227516384
  },
  "deleteRepo_tere12345678" : {
    "transaction" : "deleteRepo_tere12345678",
    "sampleCount" : 14,
    "errorCount" : 0,
    "errorPct" : 0.0,
    "meanResTime" : 304.92857142857144,
    "medianResTime" : 278.0,
    "minResTime" : 246.0,
    "maxResTime" : 685.0,
    "pct1ResTime" : 508.5,
    "pct2ResTime" : 685.0,
    "pct3ResTime" : 685.0,
    "throughput" : 0.09573958831977022,
    "receivedKBytesPerSec" : 0.1147325702660193,
    "sentKBytesPerSec" : 0.02477635830540929
  },
  "addNewBranch_tere123456" : {
    "transaction" : "addNewBranch_tere123456",
    "sampleCount" : 30,
    "errorCount" : 10,
    "errorPct" : 33.333332,
    "meanResTime" : 627.3,
    "medianResTime" : 660.5,
    "minResTime" : 202.0,
    "maxResTime" : 1526.0,
    "pct1ResTime" : 1103.2000000000003,
    "pct2ResTime" : 1389.6,
    "pct3ResTime" : 1526.0,
    "throughput" : 0.18095180650220158,
    "receivedKBytesPerSec" : 0.31417993018276136,
    "sentKBytesPerSec" : 0.05395568188672417
  },
  "addNewBranch_tere1234567" : {
    "transaction" : "addNewBranch_tere1234567",
    "sampleCount" : 15,
    "errorCount" : 3,
    "errorPct" : 20.0,
    "meanResTime" : 860.5333333333334,
    "medianResTime" : 723.0,
    "minResTime" : 200.0,
    "maxResTime" : 2222.0,
    "pct1ResTime" : 1827.8000000000002,
    "pct2ResTime" : 2222.0,
    "pct3ResTime" : 2222.0,
    "throughput" : 0.09372656835791052,
    "receivedKBytesPerSec" : 0.17902628834978757,
    "sentKBytesPerSec" : 0.027928808813421645
  },
  "addFileToRepoRequest_tere12345" : {
    "transaction" : "addFileToRepoRequest_tere12345",
    "sampleCount" : 15,
    "errorCount" : 0,
    "errorPct" : 0.0,
    "meanResTime" : 908.5333333333335,
    "medianResTime" : 846.0,
    "minResTime" : 758.0,
    "maxResTime" : 1352.0,
    "pct1ResTime" : 1235.6000000000001,
    "pct2ResTime" : 1352.0,
    "pct3ResTime" : 1352.0,
    "throughput" : 0.09216703123847912,
    "receivedKBytesPerSec" : 0.1196071245883206,
    "sentKBytesPerSec" : 0.030422320858013618
  },
  "addFileToRepoRequest_tere123456" : {
    "transaction" : "addFileToRepoRequest_tere123456",
    "sampleCount" : 30,
    "errorCount" : 11,
    "errorPct" : 36.666668,
    "meanResTime" : 732.9666666666669,
    "medianResTime" : 767.5,
    "minResTime" : 180.0,
    "maxResTime" : 2974.0,
    "pct1ResTime" : 1198.5000000000005,
    "pct2ResTime" : 2044.4999999999986,
    "pct3ResTime" : 2974.0,
    "throughput" : 0.18020074362840205,
    "receivedKBytesPerSec" : 0.22555595683591523,
    "sentKBytesPerSec" : 0.058835073521903404
  },
  "deleteRepo_tere123" : {
    "transaction" : "deleteRepo_tere123",
    "sampleCount" : 15,
    "errorCount" : 1,
    "errorPct" : 6.6666665,
    "meanResTime" : 312.8666666666667,
    "medianResTime" : 272.0,
    "minResTime" : 230.0,
    "maxResTime" : 820.0,
    "pct1ResTime" : 538.0000000000002,
    "pct2ResTime" : 820.0,
    "pct3ResTime" : 820.0,
    "throughput" : 0.09161424296097234,
    "receivedKBytesPerSec" : 0.10859508604104319,